Ticker,EntryDate,ExitDate,EP,XP,Ret,Reason,GainLoss
NBIX,2010-07-14,2010-07-19,5.71,5.25,-8.06,MacroShield,-403.65
CRUS,2010-07-14,2010-07-19,17.96,17.34,-3.48,MacroShield,-173.72
NBIX,2010-08-11,2010-08-12,6.05,5.68,-6.14,MacroShield,-521.46
CRUS,2010-08-11,2010-08-12,19.51,18.18,-6.81,MacroShield,-578.22
UHAL,2010-09-09,2010-10-07,7.4,7.24,-2.14,RankDrop,-184.69
IPGP,2010-10-07,2010-10-20,22.91,20.44,-10.78,StopLoss,-874.25
BKNG,2010-09-09,2010-11-04,13.03,15.07,15.65,RankDrop,1172.7
HL,2010-10-20,2010-11-18,6.14,7.9,28.72,RankDrop,2160.82
KMX,2010-11-04,2010-12-17,32.06,34.66,8.1,RankDrop,846.21
URI,2010-11-18,2011-01-18,19.43,25.24,29.89,RankDrop,3177.72
LNG,2011-01-18,2011-01-20,7.12,6.23,-12.51,StopLoss,-2095.92
CIEN,2011-01-20,2011-02-01,24.39,22.18,-9.08,RankDrop,-1327.11
JAZZ,2010-12-17,2011-02-07,18.68,22.1,18.28,TrendExit,2305.11
CIEN,2011-02-07,2011-03-11,26.84,23.86,-11.13,StopLoss,-1988.98
EXEL,2011-02-01,2011-03-16,8.69,11.14,28.25,RankDrop,3764.16
DINO,2011-03-16,2011-04-13,15.06,15.21,0.96,RankDrop,130.6
CDE,2011-04-13,2011-04-15,35.25,32.71,-7.21,StopLoss,-521.12
ECHO,2011-03-11,2011-04-28,29.36,29.95,2.02,RankDrop,284.56
JAZZ,2011-04-28,2011-05-09,32.86,29.94,-8.87,StopLoss,-1463.48
IPGP,2011-04-15,2011-05-12,61.31,66.82,8.98,RankDrop,1327.44
WLK,2011-05-09,2011-05-12,23.19,22.31,-3.82,RankDrop,-570.28
BIIB,2011-05-12,2011-05-26,96.54,93.15,-3.51,RankDrop,-491.26
OLN,2011-05-12,2011-05-26,15.14,14.24,-5.94,RankDrop,-836.88
SGI,2011-05-26,2011-06-09,15.0,13.06,-12.89,StopLoss,-819.99
BBWI,2011-05-26,2011-06-10,15.94,14.88,-6.66,RankDrop,-423.81
DDS,2011-06-09,2011-06-16,35.19,34.2,-2.82,MacroShield,-160.95
DPZ,2011-06-10,2011-06-16,18.56,18.68,0.65,MacroShield,37.36
DPZ,2011-06-24,2011-06-27,19.65,19.47,-0.89,MacroShield,-50.43
CROX,2011-06-24,2011-06-27,25.34,24.95,-1.51,MacroShield,-85.66
INSM,2011-07-11,2011-07-25,12.22,11.27,-7.8,RankDrop,-788.32
XPO,2011-07-25,2011-08-03,5.77,5.23,-9.23,StopLoss,-862.68
CROX,2011-08-03,2011-08-05,30.58,27.84,-8.95,StopLoss,-424.27
DPZ,2011-07-11,2011-08-05,20.48,20.22,-1.25,MacroShield,-126.36
CNC,2012-01-13,2012-02-13,10.9,11.9,9.2,RankDrop,829.49
GNRC,2012-01-13,2012-02-13,19.37,19.15,-1.18,RankDrop,-106.46
ALNY,2012-02-13,2012-02-15,12.33,11.14,-9.68,StopLoss,-939.04
REGN,2012-02-13,2012-02-22,111.69,96.9,-13.24,StopLoss,-1271.64
AGO,2012-02-15,2012-03-13,13.32,13.6,2.11,RankDrop,179.93
ALNY,2012-02-22,2012-03-13,11.94,12.0,0.47,RankDrop,36.41
LNG,2012-03-13,2012-04-11,15.16,14.55,-4.06,RankDrop,-312.29
RGEN,2012-04-11,2012-04-27,6.11,4.25,-30.42,StopLoss,-2372.26
REGN,2012-03-13,2012-05-10,109.73,129.02,17.59,TrendExit,1350.68
BKNG,2012-04-27,2012-05-14,29.4,26.11,-11.18,StopLoss,-696.55
TPL,2012-05-10,2012-05-23,5.71,5.55,-2.96,RankDrop,-89.81
REGN,2012-05-14,2012-05-23,131.93,123.84,-6.13,RankDrop,-169.83
INCY,2012-05-23,2012-07-06,22.87,24.93,9.01,RankDrop,488.55
AAL,2012-05-23,2012-07-19,10.88,12.78,17.42,TrendExit,830.17
AAL,2012-07-19,2012-07-20,12.83,11.69,-8.88,RankDrop,-580.73
IONS,2012-07-06,2012-08-03,12.82,11.93,-6.98,RankDrop,-419.11
EW,2012-07-20,2012-08-17,17.17,16.61,-3.28,RankDrop,-182.66
PHM,2012-08-17,2012-09-27,11.76,13.08,11.25,TrendExit,670.4
STZ,2012-08-03,2012-10-01,25.07,27.25,8.72,RankDrop,576.78
TMUS,2012-09-27,2012-10-15,17.92,18.45,2.97,RankDrop,197.85
CDE,2012-10-15,2012-11-07,28.66,24.6,-14.18,StopLoss,-495.72
PHM,2012-10-01,2012-11-08,13.12,15.1,15.09,MacroShield,1048.78
INSM,2012-11-07,2012-11-08,6.49,6.69,3.01,MacroShield,113.68
INSM,2012-11-29,2012-12-06,7.82,6.87,-12.23,StopLoss,-465.15
AXON,2012-11-29,2012-12-06,8.65,8.28,-4.18,MacroShield,-158.93
LPX,2012-12-13,2012-12-14,15.29,14.9,-2.53,MacroShield,-176.48
ALK,2012-12-13,2012-12-14,19.39,19.39,0.0,MacroShield,0.23
THC,2013-01-14,2013-02-27,34.22,37.66,10.05,TrendExit,684.15
PPC,2013-01-14,2013-02-27,5.18,5.49,6.05,RankDrop,412.22
IONS,2013-02-27,2013-03-27,15.92,16.65,4.58,RankDrop,388.51
ZG,2013-03-27,2013-04-04,17.49,15.56,-11.04,StopLoss,-1029.58
BBY,2013-04-04,2013-05-22,14.29,16.02,12.12,TrendExit,1651.63
NXST,2013-02-27,2013-06-06,11.46,19.49,70.12,TrendExit,6289.42
TSLA,2013-05-22,2013-06-07,5.77,6.52,13.05,RankDrop,2028.78
FSLR,2013-06-07,2013-06-13,53.91,45.35,-15.89,StopLoss,-2861.34
VRTX,2013-06-13,2013-06-21,82.4,75.75,-8.07,RankDrop,-1163.77
NXST,2013-06-06,2013-07-22,19.56,25.95,32.65,TrendExit,5473.86
PPC,2013-06-21,2013-08-16,9.11,10.53,15.54,TrendExit,2926.83
TSLA,2013-07-22,2013-10-04,9.06,11.75,29.61,TrendExit,9036.27
ALNY,2013-08-16,2013-10-08,48.9,60.84,24.43,TrendExit,7238.96
GSAT,2013-10-08,2013-10-09,22.07,19.48,-11.77,StopLoss,-4297.23
ARWR,2013-10-04,2013-10-29,6.06,7.69,27.01,RankDrop,10809.61
UI,2013-10-09,2013-10-29,32.52,34.76,6.9,RankDrop,3265.29
GSAT,2013-10-29,2013-11-12,21.92,23.08,5.28,RankDrop,2507.07
AXON,2013-10-29,2013-12-09,15.26,16.82,10.21,TrendExit,4855.32
HALO,2013-11-12,2014-01-07,13.13,14.78,12.53,TrendExit,6844.4
GSAT,2013-12-09,2014-01-10,26.42,26.68,0.96,RankDrop,577.4
TKO,2014-01-10,2014-02-28,14.48,18.48,27.61,TrendExit,23058.1
JAZZ,2014-01-07,2014-03-03,132.21,147.16,11.31,TrendExit,8671.75
ILMN,2014-03-03,2014-03-24,165.73,148.34,-10.5,StopLoss,-13221.36
ARWR,2014-02-28,2014-03-25,20.02,17.7,-11.63,StopLoss,-12073.03
TKO,2014-03-24,2014-03-27,25.21,22.24,-11.79,StopLoss,-9743.75
GSAT,2014-03-25,2014-04-16,40.83,36.42,-10.82,StopLoss,-6993.06
LSCC,2014-03-27,2014-04-23,7.44,8.18,9.94,RankDrop,2678.25
FSLR,2014-04-16,2014-05-16,67.14,59.53,-11.33,StopLoss,-2944.63
AMKR,2014-05-16,2014-06-23,8.66,9.87,13.9,TrendExit,7296.95
PPC,2014-04-23,2014-07-03,15.36,18.44,20.09,RankDrop,13227.78
GSAT,2014-07-03,2014-07-18,66.8,58.6,-12.28,StopLoss,-9008.62
AMKR,2014-06-23,2014-07-18,9.88,9.99,1.04,RankDrop,656.51
RGEN,2014-07-18,2014-08-01,22.16,20.87,-5.81,RankDrop,-3615.24
VRTX,2014-08-01,2014-08-29,89.68,93.0,3.7,RankDrop,2224.56
ENSG,2014-07-18,2014-09-15,14.25,15.45,8.42,RankDrop,5238.5
ENPH,2014-08-29,2014-09-24,14.03,15.56,10.87,TrendExit,7145.63
STLD,2014-09-15,2014-10-08,18.6,16.48,-11.39,StopLoss,-8988.39
THC,2014-09-24,2014-10-10,62.37,55.68,-10.72,StopLoss,-7832.02
UTHR,2014-10-08,2014-11-10,131.28,124.76,-4.97,RankDrop,-2543.4
MNST,2014-10-10,2014-11-10,8.04,9.0,11.99,RankDrop,6128.64
ULTA,2014-11-10,2014-11-24,121.54,125.36,3.15,RankDrop,1881.15
MANH,2014-11-10,2014-12-09,40.2,40.4,0.49,RankDrop,295.64
EPAM,2014-11-24,2014-12-23,49.11,48.35,-1.56,RankDrop,-910.8
INCY,2014-12-09,2015-01-23,76.28,77.22,1.23,RankDrop,775.5
IONS,2015-01-23,2015-02-05,70.56,61.75,-12.48,StopLoss,-7724.8
AXON,2014-12-23,2015-02-23,26.71,27.7,3.68,RankDrop,2223.2
HALO,2015-02-23,2015-03-23,15.39,14.24,-7.51,RankDrop,-4766.39
NBIX,2015-02-05,2015-03-25,33.98,41.73,22.82,TrendExit,12228.86
NBIX,2015-03-25,2015-03-26,41.8,35.58,-14.9,StopLoss,-9858.36
CACC,2015-03-26,2015-06-03,189.17,226.65,19.81,TrendExit,10832.69
OLED,2015-03-23,2015-06-17,41.81,49.63,18.69,TrendExit,12175.95
BLDR,2015-06-03,2015-07-01,12.51,13.03,4.15,RankDrop,3243.67
HALO,2015-07-01,2015-08-12,23.44,20.06,-14.42,StopLoss,-11643.12
NFLX,2015-06-17,2015-08-21,9.52,10.61,11.46,TrendExit,9195.75
COKE,2015-08-12,2015-08-24,14.88,13.39,-9.97,MacroShield,-8992.09
POST,2015-08-21,2015-08-24,41.96,40.28,-4.01,MacroShield,-1508.55
COKE,2015-10-23,2015-11-05,19.94,16.33,-18.1,StopLoss,-10720.58
SNX,2015-10-23,2015-11-20,41.17,42.81,3.98,RankDrop,2356.65
TYL,2015-11-05,2015-12-07,171.86,179.07,4.19,RankDrop,2333.96
ADSK,2015-12-07,2016-01-06,65.56,59.4,-9.38,RankDrop,-5635.54
KLAC,2015-11-20,2016-01-07,5.59,5.45,-2.54,MacroShield,-1459.32
OLED,2016-01-06,2016-01-07,48.61,47.39,-2.5,MacroShield,-689.58
AU,2016-03-18,2016-03-29,11.01,10.78,-2.05,MacroShield,-1064.76
MSM,2016-03-18,2016-03-29,46.39,46.3,-0.19,MacroShield,-97.43
AU,2016-04-04,2016-04-29,11.17,12.98,16.19,MacroShield,8202.57
NEM,2016-04-04,2016-04-29,20.78,25.98,25.04,MacroShield,12682.82
OKE,2016-05-31,2016-06-20,23.17,24.95,7.67,MacroShield,5482.84
CZR,2016-05-31,2016-06-20,14.52,14.48,-0.3,MacroShield,-216.54
AMD,2016-07-13,2016-09-08,5.54,6.64,19.71,TrendExit,21812.63
KTOS,2016-09-08,2016-09-22,6.81,6.72,-1.46,RankDrop,-2063.08
EXEL,2016-07-13,2016-09-29,8.33,12.97,55.77,TrendExit,56301.54
ASND,2016-09-29,2016-10-06,20.81,20.26,-2.68,RankDrop,-3918.83
AAOI,2016-09-22,2016-10-20,22.01,20.12,-8.62,RankDrop,-14992.94
LITE,2016-10-06,2016-10-28,43.4,37.47,-13.65,StopLoss,-21633.32
TPL,2016-10-20,2016-11-03,27.59,25.82,-6.44,RankDrop,-7952.39
FWONA,2016-10-28,2016-12-02,26.11,29.18,11.77,TrendExit,12062.98
FWONK,2016-11-03,2016-12-02,26.04,29.41,12.95,TrendExit,6733.67
STLD,2016-12-02,2017-02-01,30.22,28.32,-6.28,RankDrop,-7820.24
KEY,2016-12-02,2017-02-01,12.03,12.02,-0.05,RankDrop,-60.75
SLM,2017-02-01,2017-02-15,10.34,10.73,3.86,RankDrop,3931.18
ESI,2017-02-01,2017-03-30,11.29,12.02,6.48,RankDrop,6606.87
AAOI,2017-03-30,2017-04-05,58.11,51.26,-11.78,StopLoss,-14740.98
NRG,2017-02-15,2017-04-13,13.68,15.3,11.85,RankDrop,13248.57
ANET,2017-04-13,2017-05-26,8.48,9.25,9.11,RankDrop,13413.74
OLED,2017-04-05,2017-06-13,85.67,113.53,32.52,TrendExit,46418.24
W,2017-05-26,2017-07-11,64.03,73.83,15.31,TrendExit,24797.67
MOH,2017-06-13,2017-07-25,67.51,70.42,4.31,RankDrop,8048.56
KTOS,2017-07-25,2017-07-31,12.49,11.01,-11.81,StopLoss,-24214.93
W,2017-07-11,2017-08-18,75.18,67.44,-10.3,StopLoss,-20808.18
EXEL,2017-08-18,2017-09-20,27.57,27.88,1.12,RankDrop,1682.44
NRG,2017-07-31,2017-10-04,20.64,21.28,3.13,RankDrop,5818.94
CORT,2017-09-20,2017-11-01,17.88,19.74,10.38,RankDrop,16036.08
MDGL,2017-10-04,2017-11-15,43.92,41.19,-6.2,RankDrop,-11108.43
ALNY,2017-11-01,2017-11-30,123.51,129.34,4.71,RankDrop,9660.82
XYZ,2017-11-15,2017-11-30,41.18,39.24,-4.69,RankDrop,-8450.43
ALGN,2017-11-30,2017-12-05,260.12,224.87,-13.55,StopLoss,-23022.35
MDGL,2017-12-05,2017-12-14,48.19,80.95,67.97,RankDrop,92703.6
TREX,2017-11-30,2017-12-29,28.86,27.46,-4.84,RankDrop,-11600.9
NTNX,2017-12-14,2018-01-30,35.37,31.37,-11.31,RankDrop,-25524.33
MDGL,2017-12-29,2018-02-09,93.6,133.14,42.25,MacroShield,97517.74
VKTX,2018-01-30,2018-02-09,5.65,6.36,12.43,MacroShield,32150.9
ARWR,2018-03-14,2018-03-23,7.7,6.95,-9.85,StopLoss,-32694.13
VIRT,2018-03-14,2018-03-28,24.07,24.62,2.29,MacroShield,7603.74
ASND,2018-03-23,2018-03-28,64.74,60.21,-7.0,MacroShield,-10183.15
NTNX,2018-04-26,2018-05-24,54.58,56.03,2.65,RankDrop,6977.7
DINO,2018-05-24,2018-06-22,56.75,56.45,-0.54,RankDrop,-2146.91
VICR,2018-04-26,2018-06-26,37.02,44.32,19.72,TrendExit,56190.4
ARWR,2018-06-26,2018-08-02,13.42,14.97,11.58,TrendExit,39805.46
TTD,2018-06-22,2018-08-06,9.26,8.69,-6.15,RankDrop,-23063.12
CVNA,2018-08-06,2018-09-07,9.06,11.65,28.6,TrendExit,104747.66
NTRA,2018-08-02,2018-09-18,24.25,23.78,-1.95,RankDrop,-8896.46
TTD,2018-09-18,2018-10-11,14.25,11.79,-17.23,StopLoss,-98618.82
AMD,2018-09-07,2018-10-12,26.97,26.75,-0.82,MacroShield,-4231.14
VNOM,2018-10-11,2018-10-12,23.92,24.37,1.86,MacroShield,3076.2
MTCH,2018-10-16,2018-10-19,49.86,49.79,-0.15,MacroShield,-267.37
OLLI,2018-10-16,2018-10-19,89.71,89.63,-0.08,MacroShield,-151.33
LSCC,2019-02-27,2019-03-08,12.02,12.44,3.54,MacroShield,12136.68
MTCH,2019-02-27,2019-03-08,52.75,50.86,-3.59,MacroShield,-12299.77
AXSM,2019-03-13,2019-03-27,10.19,16.16,58.66,RankDrop,200708.82
INSM,2019-03-13,2019-04-10,29.63,31.71,7.01,RankDrop,38158.72
MDB,2019-04-10,2019-04-25,137.08,136.8,-0.2,RankDrop,-1236.26
LSCC,2019-03-27,2019-05-09,12.23,13.69,11.99,RankDrop,61491.5
CVNA,2019-04-25,2019-05-23,13.24,12.93,-2.29,RankDrop,-14323.11
AXSM,2019-05-09,2019-06-04,18.68,23.15,23.91,MacroShield,165206.21
ENPH,2019-05-23,2019-06-04,15.11,15.91,5.31,MacroShield,22861.79
OKTA,2019-06-07,2019-08-19,128.28,129.93,1.29,RankDrop,17989.44
ENPH,2019-06-07,2019-08-20,16.78,33.23,97.99,MacroShield,738559.98
AU,2019-08-19,2019-08-20,16.99,17.27,1.62,MacroShield,12233.25
DRS,2019-09-17,2019-09-30,5.36,4.77,-10.94,StopLoss,-155723.3
MTSI,2019-09-30,2019-10-15,21.71,21.38,-1.54,RankDrop,-21680.81
SAIA,2019-09-17,2019-11-12,94.25,99.52,5.59,RankDrop,79546.31
NTRA,2019-10-15,2019-11-12,38.25,37.36,-2.33,RankDrop,-33212.91
CROX,2019-11-12,2019-12-11,35.51,35.55,0.1,RankDrop,1779.19
ADT,2019-11-12,2019-12-17,6.01,6.84,13.84,TrendExit,200030.59
ARWR,2019-12-11,2019-12-23,70.66,64.61,-8.55,StopLoss,-149487.85
AXSM,2019-12-17,2020-01-10,80.04,87.31,9.08,RankDrop,137596.72
UI,2019-12-23,2020-01-27,175.49,160.28,-8.67,RankDrop,-163467.58
THC,2020-01-10,2020-01-27,36.58,33.6,-8.14,RankDrop,-113716.72
TSLA,2020-01-27,2020-02-10,36.15,53.3,47.45,RankDrop,642864.21
WDC,2020-02-10,2020-02-25,49.32,47.22,-4.27,RankDrop,-97282.75
ALB,2020-02-25,2020-02-28,83.12,71.75,-13.68,StopLoss,-395144.21
ENPH,2020-01-27,2020-02-28,33.38,45.59,36.58,MacroShield,732814.88
W,2020-06-04,2020-06-29,180.79,200.79,11.06,MacroShield,247678.67
TWLO,2020-06-04,2020-06-29,201.28,220.91,9.75,MacroShield,218329.3
SPOT,2020-07-17,2020-07-31,267.22,264.49,-1.02,RankDrop,-24815.68
XYZ,2020-07-17,2020-09-04,121.04,149.55,23.55,MacroShield,572472.76
LAD,2020-07-31,2020-09-04,228.05,239.3,4.93,MacroShield,163857.94
FDX,2020-10-26,2020-10-29,203.0,188.46,-7.16,MacroShield,-219622.29
SITM,2020-10-26,2020-10-29,92.64,87.49,-5.55,MacroShield,-170296.9
NET,2020-12-08,2021-01-07,82.2,74.36,-9.54,StopLoss,-287759.59
OLN,2020-12-08,2021-01-07,19.56,24.47,25.06,RankDrop,755969.74
CHRD,2021-01-07,2021-01-22,25.4,24.29,-4.39,RankDrop,-139127.91
MSTR,2021-01-07,2021-01-22,52.16,52.47,0.6,RankDrop,19121.48
CELH,2021-01-22,2021-01-29,20.91,18.65,-10.81,StopLoss,-329531.99
BE,2021-01-22,2021-02-18,37.02,31.04,-16.14,StopLoss,-492096.77
MSTR,2021-01-29,2021-02-22,68.03,87.05,27.95,RankDrop,669283.93
PPLI,2021-02-22,2021-03-05,141.15,126.38,-10.46,StopLoss,-262757.87
AR,2021-02-18,2021-03-09,9.3,9.77,5.05,MacroShield,142872.05
WBD,2021-03-05,2021-03-09,63.71,66.84,4.91,MacroShield,68458.57
TPL,2021-04-20,2021-06-02,160.66,155.24,-3.37,RankDrop,-112148.96
CAR,2021-04-20,2021-06-16,72.24,85.31,18.09,RankDrop,514253.34
NUE,2021-06-02,2021-06-18,102.07,87.06,-14.71,StopLoss,-427034.83
CHRD,2021-06-18,2021-07-29,58.11,60.7,4.45,RankDrop,146411.64
DDS,2021-06-16,2021-08-03,123.2,138.2,12.18,TrendExit,367573.72
MRNA,2021-07-29,2021-08-12,350.82,399.79,13.96,RankDrop,478768.73
DOCU,2021-08-03,2021-08-26,293.46,299.64,2.1,RankDrop,80621.56
CMG,2021-08-26,2021-09-24,38.42,38.88,1.2,RankDrop,43912.55
MRNA,2021-09-24,2021-09-29,448.31,393.0,-12.34,StopLoss,-553724.99
ACI,2021-09-29,2021-10-08,20.68,18.1,-12.51,StopLoss,-204334.66
SITM,2021-08-12,2021-10-22,207.06,227.76,9.99,RankDrop,379708.32
TEAM,2021-10-08,2021-10-22,400.38,418.44,4.51,RankDrop,74151.29
CAR,2021-10-22,2021-11-05,158.93,258.42,62.6,RankDrop,2258951.84
RRC,2021-10-22,2021-11-05,22.87,21.87,-4.37,RankDrop,-157728.94
AR,2021-11-05,2021-11-19,20.78,18.38,-11.55,RankDrop,-659100.85
NET,2021-11-19,2021-11-23,216.91,183.79,-15.27,StopLoss,-757431.5
MTDR,2021-11-05,2021-12-02,39.66,32.2,-18.82,StopLoss,-1073943.52
TSLA,2021-11-23,2021-12-06,389.37,333.66,-14.31,StopLoss,-588894.09
F,2021-12-02,2021-12-17,14.38,14.75,2.61,MacroShield,77082.17
DLTR,2021-12-06,2021-12-17,138.08,138.1,0.01,MacroShield,289.06
DLTR,2021-12-20,2021-12-22,134.45,136.5,1.52,MacroShield,20543.67
ANET,2021-12-20,2021-12-22,33.16,34.21,3.19,MacroShield,43015.82
BLDR,2022-01-04,2022-01-19,84.4,76.15,-9.78,StopLoss,-243090.06
COKE,2022-01-04,2022-01-21,59.16,54.99,-7.04,MacroShield,-174994.89
MU,2022-01-19,2022-01-21,91.66,82.28,-10.23,MacroShield,-123132.9
MDGL,2023-02-01,2023-02-09,289.95,263.89,-8.99,StopLoss,-182372.76
VKTX,2023-02-01,2023-02-09,8.81,9.61,9.08,MacroShield,184242.73
VKTX,2023-03-16,2023-03-22,10.6,9.42,-11.05,StopLoss,-224937.62
DUOL,2023-03-16,2023-04-27,122.97,137.85,12.09,TrendExit,246250.97
VKTX,2023-04-27,2023-05-26,20.42,20.84,2.05,RankDrop,47442.78
FCNCA,2023-05-26,2023-06-27,1249.2,1175.59,-5.89,RankDrop,-198958.59
NVDA,2023-03-22,2023-08-03,26.81,43.64,62.78,TrendExit,1606910.92
CVNA,2023-08-03,2023-08-07,10.22,9.25,-9.51,StopLoss,-404021.27
XP,2023-06-27,2023-08-11,20.15,22.43,11.29,TrendExit,386551.24
BBIO,2023-08-11,2023-08-18,32.31,27.94,-13.53,StopLoss,-658423.06
AAOI,2023-08-07,2023-09-06,11.08,12.94,16.86,TrendExit,646186.94
APP,2023-09-06,2023-09-21,42.28,38.36,-9.28,RankDrop,-373662.18
CORT,2023-09-21,2023-10-02,31.78,27.23,-14.32,StopLoss,-249629.39
APP,2023-10-02,2023-10-19,40.17,39.35,-2.05,RankDrop,-33231.39
VRT,2023-08-18,2023-11-02,35.29,40.76,15.49,RankDrop,572761.82
FN,2023-10-19,2023-11-02,168.01,156.17,-7.05,RankDrop,-118907.07
PGR,2023-11-02,2023-12-15,146.13,138.67,-5.1,RankDrop,-217713.83
CRWD,2023-11-02,2024-01-02,47.29,62.83,32.87,RankDrop,1031279.66
QXO,2024-01-02,2024-01-16,111.76,100.38,-10.18,StopLoss,-408100.09
GAP,2023-12-15,2024-01-19,19.66,17.19,-12.56,StopLoss,-541770.3
PVH,2024-01-16,2024-02-14,118.18,128.39,8.64,RankDrop,318916.84
S,2024-01-19,2024-02-29,24.9,28.64,15.03,RankDrop,497765.57
VKTX,2024-02-14,2024-03-12,31.46,64.03,103.54,TrendExit,4343610.21
KNSL,2024-03-12,2024-04-04,502.03,454.62,-9.44,StopLoss,-810595.32
NVDA,2024-02-29,2024-04-08,78.9,88.4,12.03,TrendExit,1511076.93
CVNA,2024-04-08,2024-04-12,17.15,15.72,-8.34,RankDrop,-709565.41
COIN,2024-04-04,2024-04-16,260.28,222.88,-14.37,StopLoss,-1324753.63
APP,2024-04-16,2024-04-26,70.85,70.05,-1.12,RankDrop,-37685.32
VST,2024-04-12,2024-06-04,70.75,91.34,29.1,TrendExit,2496141.65
SMTC,2024-04-26,2024-06-10,37.39,31.29,-16.31,StopLoss,-1407970.49
CRS,2024-06-10,2024-06-25,103.37,100.19,-3.07,RankDrop,-245478.02
INSM,2024-06-25,2024-07-05,69.57,63.03,-9.41,StopLoss,-781660.6
CDE,2024-06-04,2024-07-10,5.46,6.3,15.45,RankDrop,1511102.35
ASTS,2024-07-05,2024-08-02,11.43,19.75,72.85,MacroShield,5861210.95
INSM,2024-07-10,2024-08-02,71.29,73.41,2.98,MacroShield,273515.19
CRS,2024-09-05,2024-10-03,141.45,156.97,10.97,RankDrop,1435636.47
RKT,2024-09-05,2024-10-04,19.43,17.02,-12.39,StopLoss,-1704131.93
CAVA,2024-10-03,2024-10-31,125.08,132.41,5.86,RankDrop,984317.64
RKLB,2024-10-04,2024-11-14,9.75,19.42,99.2,RankDrop,15682253.1
APP,2024-10-31,2024-12-11,206.54,327.43,58.53,TrendExit,18227615.73
IONQ,2024-11-14,2024-12-13,27.91,30.21,8.24,RankDrop,3534431.66
COIN,2024-12-13,2024-12-19,316.16,290.49,-8.12,StopLoss,-4411089.4
PLTR,2024-12-19,2025-01-14,74.03,67.14,-9.3,StopLoss,-3971453.16
SOFI,2024-12-11,2025-01-15,15.51,15.35,-1.01,RankDrop,-574214.1
BROS,2025-01-15,2025-02-13,60.85,84.52,38.9,RankDrop,16140922.85
OKLO,2025-02-13,2025-02-20,55.44,44.58,-19.58,StopLoss,-10317634.82
HOOD,2025-02-20,2025-02-24,59.12,52.21,-11.68,StopLoss,-5723999.84
AS,2025-01-14,2025-02-28,30.99,28.33,-8.6,RankDrop,-4614960.56
BROS,2025-02-28,2025-03-07,75.09,64.65,-13.9,StopLoss,-2706489.89
TPR,2025-02-24,2025-03-07,83.02,75.45,-9.12,MacroShield,-3634099.39
DUOL,2025-05-27,2025-06-12,528.29,475.11,-10.07,StopLoss,-3013966.94
PLTR,2025-05-27,2025-06-25,126.88,144.41,13.82,RankDrop,4136633.2
CAR,2025-06-12,2025-07-31,126.78,168.9,33.22,TrendExit,10782099.48
CRDO,2025-06-25,2025-08-20,95.39,104.44,9.49,TrendExit,5135623.38
MP,2025-07-31,2025-08-21,59.91,68.17,13.79,RankDrop,7832017.44
IREN,2025-08-21,2025-09-05,19.14,27.14,41.77,RankDrop,25840945.84
ALAB,2025-09-05,2025-10-03,208.96,212.39,1.64,RankDrop,2497783.09
ECHO,2025-10-03,2025-10-17,79.39,72.17,-9.09,RankDrop,-15022893.96
BE,2025-08-20,2025-10-23,50.84,94.19,85.28,TrendExit,92234795.84
APLD,2025-10-17,2025-10-23,35.02,31.2,-10.89,StopLoss,-22639108.44
CIEN,2025-10-23,2025-11-19,164.56,187.83,14.14,TrendExit,19913211.04
GSAT,2025-11-19,2025-12-18,63.54,58.31,-8.24,StopLoss,-22957268.36
ARWR,2025-10-23,2026-01-06,43.95,72.03,63.9,TrendExit,130882398.51
VICR,2025-12-18,2026-02-05,106.05,146.2,37.87,TrendExit,97301832.51
LITE,2026-01-06,2026-03-09,362.09,577.69,59.54,TrendExit,238290067.5
ALM,2026-02-05,2026-03-18,12.82,18.15,41.62,TrendExit,97507072.33
MRNA,2026-03-09,2026-03-23,53.33,51.21,-3.97,MacroShield,-13913856.62
SNDK,2026-03-18,2026-03-23,730.38,715.62,-2.02,MacroShield,-7007676.82
LITE,2026-04-13,2026-04-29,889.44,820.68,-7.73,StopLoss,-46606118.79
AAOI,2026-04-13,2026-05-11,148.6,152.18,2.41,RankDrop,14503188.05
CIEN,2026-04-29,2026-05-26,492.1,590.69,20.03,RankDrop,125298018.8
INTC,2026-05-26,2026-06-02,122.16,107.39,-12.09,StopLoss,-109003145.61
SNDK,2026-06-02,2026-06-08,1750.94,1633.14,-6.73,StopLoss,-60008815.18
FLEX,2026-06-08,2026-06-11,158.78,141.43,-10.93,StopLoss,-100568204.41
MRVL,2026-05-11,2026-06-12,163.71,269.86,64.84,MacroShield,458789325.7
ALAB,2026-06-11,2026-06-12,340.05,379.54,11.61,MacroShield,91431446.29
DELL,2026-07-23,2026-07-29,438.22,388.29,-11.39,StopLoss,-59565584.97
CORT,2026-07-23,2026-08-05,91.02,110.94,21.89,MacroShield,114466871.94
SNOW,2026-07-29,2026-08-05,277.04,317.32,14.54,MacroShield,73020775.78
CORT,2026-08-20,2026-09-03,118.17,110.32,-6.64,RankDrop,-70215019.06
